{"cameraMode":{"drawMode":0,"name":"Shaded","section":"Shading Mode"},"sceneLighting":false,"audioPlay":false,"sceneViewState":{"m_AlwaysRefresh":false,"showFog":true,"showSkybox":true,"showFlares":true,"showImageEffects":true,"showParticleSystems":true,"showVisualEffectGraphs":true,"m_FxEnabled":true},"in2DMode":false,"pivot":{"x":2.3564891815185549,"y":131.27488708496095,"z":3.982701301574707},"rotation":{"x":-0.002999847987666726,"y":-0.008397855795919896,"z":-0.00002529869925638195,"w":0.9999630451202393},"size":14.028587341308594,"orthographic":true}